{
  "type":"createServerGroup",
  "account": "aws_account",
  "amiName": "ami-12345",
  "stack": "myStack",
  "application": "myAwsApp",
  "availabilityZones": {
    "us-west-1": [
      "us-west-1a",
      "us-west-1c"
    ]
  },
  "capacity": {
    "desired": 1,
    "max": 1,
    "min": 1
  },
  "cloudProvider": "aws",
  "credentials": "aws-account1",
  "healthCheckType":"EC2",
  "iamRole":"BaseInstanceProfile",
  "legacyUdf": false,
  "setLaunchTemplate": true,
  "instanceType":"c3.small",
  "unlimitedCpuCredits": true
}
